gene_id,marker_symbol,ensembl_gene_id,ensembl_exon_id,exon_size,exon_rank,canonical_transcript,chr_name,chr_strand,insertion_seq,insertion_start,insertion_end,assembly,build,species,id,chr_name,chr_start,chr_end,seq,pam_right,off_target_summary
HGNC:5,A1BG,ENSG00000121410,ENSE00003598943,270,3,ENST00000263100,19,-1,CAGG,58353117,58353120,GRCh38,79,Human,1168686649,19,58353099,58353121,CTGGAGTCTCCAGGTGGGCCTGG,1,"{0: 1, 1: 0, 2: 7, 3: 63, 4: 381}"
HGNC:5,A1BG,ENSG00000121410,ENSE00003598943,270,3,ENST00000263100,19,-1,CAGG,58353117,58353120,GRCh38,79,Human,1168686650,19,58353108,58353130,CCAGGTGGGCCTGGCACGTCAGC,0,"{0: 1, 1: 1, 2: 0, 3: 17, 4: 131}"
HGNC:5,A1BG,ENSG00000121410,ENSE00003598943,270,3,ENST00000263100,19,-1,CAGG,58353066,58353069,GRCh38,79,Human,1168686637,19,58353048,58353070,AGTCAAGGTGCACAGGCTCCTGG,1,"{0: 1, 1: 0, 2: 0, 3: 19, 4: 203}"
HGNC:5,A1BG,ENSG00000121410,ENSE00003598943,270,3,ENST00000263100,19,-1,CAGG,58353066,58353069,GRCh38,79,Human,1168686638,19,58353049,58353071,GTCAAGGTGCACAGGCTCCTGGG,1,"{0: 1, 1: 0, 2: 2, 3: 19, 4: 177}"
HGNC:5,A1BG,ENSG00000121410,ENSE00003598943,270,3,ENST00000263100,19,-1,AAGA,58353081,58353084,GRCh38,79,Human,1168686641,19,58353072,58353094,CCACCCCATTCTTGAACAGCTGG,1,"{0: 1, 1: 0, 2: 0, 3: 9, 4: 135}"
HGNC:5,A1BG,ENSG00000121410,ENSE00003598943,270,3,ENST00000263100,19,-1,AAGA,58353081,58353084,GRCh38,79,Human,1168686640,19,58353072,58353094,CCACCCCATTCTTGAACAGCTGG,0,"{0: 1, 1: 0, 2: 0, 3: 9, 4: 170}"
HGNC:5,A1BG,ENSG00000121410,ENSE00003598943,270,3,ENST00000263100,19,-1,AAGA,58353081,58353084,GRCh38,79,Human,1168686642,19,58353075,58353097,CCCCATTCTTGAACAGCTGGAAG,0,"{0: 1, 1: 1, 2: 0, 3: 15, 4: 180}"
HGNC:5,A1BG,ENSG00000121410,ENSE00003598943,270,3,ENST00000263100,19,-1,AAGA,58353081,58353084,GRCh38,79,Human,1168686643,19,58353076,58353098,CCCATTCTTGAACAGCTGGAAGT,0,"{0: 1, 1: 1, 2: 1, 3: 14, 4: 150}"
HGNC:5,A1BG,ENSG00000121410,ENSE00003598943,270,3,ENST00000263100,19,-1,AAGA,58353081,58353084,GRCh38,79,Human,1168686644,19,58353077,58353099,CCATTCTTGAACAGCTGGAAGTC,0,"{0: 1, 1: 0, 2: 0, 3: 13, 4: 114}"
HGNC:5,A1BG,ENSG00000121410,ENSE00003598943,270,3,ENST00000263100,19,-1,CAGA,58353098,58353101,GRCh38,79,Human,1168686645,19,58353080,58353102,TTCTTGAACAGCTGGAAGTCTGG,1,"{0: 1, 1: 0, 2: 2, 3: 18, 4: 268}"
HGNC:5,A1BG,ENSG00000121410,ENSE00003598943,270,3,ENST00000263100,19,-1,CAGA,58353098,58353101,GRCh38,79,Human,1168686646,19,58353090,58353112,GCTGGAAGTCTGGAGTCTCCAGG,1,"{0: 1, 1: 0, 2: 1, 3: 31, 4: 264}"
HGNC:5,A1BG,ENSG00000121410,ENSE00003598943,270,3,ENST00000263100,19,-1,CAGG,58353003,58353006,GRCh38,79,Human,1168686625,19,58352985,58353007,AGCGGCAGCGGTAGCGGCCCTGG,1,"{0: 1, 1: 0, 2: 3, 3: 56, 4: 360}"
HGNC:5,A1BG,ENSG00000121410,ENSE00003598943,270,3,ENST00000263100,19,-1,CAGG,58353003,58353006,GRCh38,79,Human,1168686626,19,58352986,58353008,GCGGCAGCGGTAGCGGCCCTGGG,1,"{0: 1, 1: 0, 2: 0, 3: 23, 4: 178}"
HGNC:5,A1BG,ENSG00000121410,ENSE00003598943,270,3,ENST00000263100,19,-1,CAGG,58353003,58353006,GRCh38,79,Human,1168686627,19,58353002,58353024,CCCTGGGTGTCACCCGTCAGCAG,0,"{0: 1, 1: 0, 2: 0, 3: 10, 4: 84}"
HGNC:5,A1BG,ENSG00000121410,ENSE00003494356,273,4,ENST00000263100,19,-1,CAGG,58352400,58352403,GRCh38,79,Human,1168686494,19,58352382,58352404,AGGTGGCCTCCACATCCTCCTGG,1,"{0: 1, 1: 0, 2: 1, 3: 19, 4: 240}"
HGNC:5,A1BG,ENSG00000121410,ENSE00003494356,273,4,ENST00000263100,19,-1,CAGG,58352400,58352403,GRCh38,79,Human,1168686495,19,58352383,58352405,GGTGGCCTCCACATCCTCCTGGG,1,"{0: 1, 1: 0, 2: 1, 3: 43, 4: 265}"
HGNC:5,A1BG,ENSG00000121410,ENSE00003494356,273,4,ENST00000263100,19,-1,CAGG,58352400,58352403,GRCh38,79,Human,1168686497,19,58352390,58352412,TCCACATCCTCCTGGGCCTCAGG,1,"{0: 1, 1: 0, 2: 3, 3: 45, 4: 478}"
HGNC:5,A1BG,ENSG00000121410,ENSE00003494356,273,4,ENST00000263100,19,-1,CAGG,58352400,58352403,GRCh38,79,Human,1168686496,19,58352388,58352410,CCTCCACATCCTCCTGGGCCTCA,0,"{0: 1, 1: 1, 2: 5, 3: 100, 4: 634}"
HGNC:5,A1BG,ENSG00000121410,ENSE00003494356,273,4,ENST00000263100,19,-1,CAGG,58352400,58352403,GRCh38,79,Human,1168686498,19,58352391,58352413,CCACATCCTCCTGGGCCTCAGGC,0,"{0: 1, 1: 0, 2: 8, 3: 144, 4: 1042}"
HGNC:5,A1BG,ENSG00000121410,ENSE00003494356,273,4,ENST00000263100,19,-1,CAGG,58352400,58352403,GRCh38,79,Human,1168686499,19,58352397,58352419,CCTCCTGGGCCTCAGGCACCTCC,0,"{0: 1, 1: 0, 2: 11, 3: 86, 4: 700}"
HGNC:5,A1BG,ENSG00000121410,ENSE00003509215,297,5,ENST00000263100,19,-1,AAGG,58351619,58351622,GRCh38,79,Human,1168686340,19,58351609,58351631,GTGAGGGTCACCTTGTTGCCAGG,1,"{0: 1, 1: 0, 2: 0, 3: 25, 4: 191}"
HGNC:5,A1BG,ENSG00000121410,ENSE00003509215,297,5,ENST00000263100,19,-1,AAGG,58351619,58351622,GRCh38,79,Human,1168686341,19,58351610,58351632,TGAGGGTCACCTTGTTGCCAGGG,1,"{0: 1, 1: 0, 2: 0, 3: 29, 4: 545}"
HGNC:24086,A1CF,ENSG00000148584,ENSE00003459832,165,9,ENST00000395489,10,-1,AAGA,50828192,50828195,GRCh38,79,Human,1067959131,10,50828182,50828204,GCATAAGATTTCTTACATATAGG,1,"{0: 1, 1: 0, 2: 0, 3: 12, 4: 149}"
HGNC:24086,A1CF,ENSG00000148584,ENSE00003620759,239,8,ENST00000395489,10,-1,AAGG,50836203,50836206,GRCh38,79,Human,1067959859,10,50836193,50836215,CCTTCAGTAACCTTTTTCATCTC,0,"{0: 1, 1: 0, 2: 0, 3: 30, 4: 296}"
HGNC:24086,A1CF,ENSG00000148584,ENSE00003620759,239,8,ENST00000395489,10,-1,AAGA,50836226,50836229,GRCh38,79,Human,1067959861,10,50836215,50836237,CCGATAAGATTTCTTCTCTCTTT,0,"{0: 1, 1: 0, 2: 9, 3: 101, 4: 844}"
HGNC:24086,A1CF,ENSG00000148584,ENSE00003620759,239,8,ENST00000395489,10,-1,CAGA,50836157,50836160,GRCh38,79,Human,1067959857,10,50836148,50836170,TTGGTTTTATCTGCAGCGCTTGG,1,"{0: 1, 1: 0, 2: 0, 3: 10, 4: 121}"
HGNC:24086,A1CF,ENSG00000148584,ENSE00003620759,239,8,ENST00000395489,10,-1,CAGA,50836157,50836160,GRCh38,79,Human,1067959858,10,50836149,50836171,TGGTTTTATCTGCAGCGCTTGGG,1,"{0: 1, 1: 0, 2: 0, 3: 7, 4: 106}"
HGNC:24086,A1CF,ENSG00000148584,ENSE00003620759,239,8,ENST00000395489,10,-1,AAGA,50836233,50836236,GRCh38,79,Human,1067959862,10,50836219,50836241,TAAGATTTCTTCTCTCTTTTTGG,1,"{0: 1, 1: 0, 2: 4, 3: 58, 4: 638}"
HGNC:7,A2M,ENSG00000175899,ENSE00003594068,162,16,ENST00000318602,12,-1,AAGA,9095630,9095633,GRCh38,79,Human,1092505561,12,9095622,9095644,TGATGCAGTCTTCATTGTCCTGG,1,"{0: 1, 1: 0, 2: 0, 3: 14, 4: 161}"
HGNC:7,A2M,ENSG00000175899,ENSE00000718064,160,3,ENST00000318602,12,-1,AAGA,9112437,9112440,GRCh38,79,Human,1092506968,12,9112431,9112453,CCTCGTTCTTAACCATCACTGTG,0,"{0: 1, 1: 0, 2: 0, 3: 14, 4: 107}"
HGNC:7,A2M,ENSG00000175899,ENSE00000718064,160,3,ENST00000318602,12,-1,AAGA,9112469,9112472,GRCh38,79,Human,1092506971,12,9112452,9112474,TGGTCCGCTTCTTAAATTCTTGG,1,"{0: 1, 1: 0, 2: 0, 3: 7, 4: 79}"
HGNC:7,A2M,ENSG00000175899,ENSE00000718064,160,3,ENST00000318602,12,-1,AAGA,9112469,9112472,GRCh38,79,Human,1092506972,12,9112453,9112475,GGTCCGCTTCTTAAATTCTTGGG,1,"{0: 1, 1: 0, 2: 0, 3: 2, 4: 70}"
HGNC:7,A2M,ENSG00000175899,ENSE00000718064,160,3,ENST00000318602,12,-1,AAGA,9112469,9112472,GRCh38,79,Human,1092506974,12,9112457,9112479,CGCTTCTTAAATTCTTGGGTTGG,1,"{0: 1, 1: 0, 2: 0, 3: 5, 4: 79}"
HGNC:7,A2M,ENSG00000175899,ENSE00000718064,160,3,ENST00000318602,12,-1,AAGA,9112469,9112472,GRCh38,79,Human,1092506973,12,9112456,9112478,CCGCTTCTTAAATTCTTGGGTTG,0,"{0: 1, 1: 0, 2: 1, 3: 22, 4: 222}"
HGNC:7,A2M,ENSG00000175899,ENSE00000718064,160,3,ENST00000318602,12,-1,AAGA,9112461,9112464,GRCh38,79,Human,1092506971,12,9112452,9112474,TGGTCCGCTTCTTAAATTCTTGG,1,"{0: 1, 1: 0, 2: 0, 3: 7, 4: 79}"
HGNC:7,A2M,ENSG00000175899,ENSE00000718064,160,3,ENST00000318602,12,-1,AAGA,9112461,9112464,GRCh38,79,Human,1092506972,12,9112453,9112475,GGTCCGCTTCTTAAATTCTTGGG,1,"{0: 1, 1: 0, 2: 0, 3: 2, 4: 70}"
HGNC:7,A2M,ENSG00000175899,ENSE00000718064,160,3,ENST00000318602,12,-1,AAGA,9112461,9112464,GRCh38,79,Human,1092506973,12,9112456,9112478,CCGCTTCTTAAATTCTTGGGTTG,0,"{0: 1, 1: 0, 2: 1, 3: 22, 4: 222}"
HGNC:7,A2M,ENSG00000175899,ENSE00000897852,228,12,ENST00000318602,12,-1,CAGG,9101509,9101512,GRCh38,79,Human,1092506073,12,9101491,9101513,CATTCAGAATATAATGTGCCTGG,1,"{0: 1, 1: 0, 2: 2, 3: 19, 4: 158}"
HGNC:7,A2M,ENSG00000175899,ENSE00000897852,228,12,ENST00000318602,12,-1,AAGA,9101572,9101575,GRCh38,79,Human,1092506083,12,9101559,9101581,AGGTGGACAAAGCTCTTGCTTGG,1,"{0: 1, 1: 0, 2: 0, 3: 6, 4: 152}"
HGNC:7,A2M,ENSG00000175899,ENSE00000897852,228,12,ENST00000318602,12,-1,AAGA,9101572,9101575,GRCh38,79,Human,1092506084,12,9101560,9101582,GGTGGACAAAGCTCTTGCTTGGG,1,"{0: 1, 1: 0, 2: 1, 3: 17, 4: 136}"
HGNC:7,A2M,ENSG00000175899,ENSE00000897852,228,12,ENST00000318602,12,-1,AAGA,9101572,9101575,GRCh38,79,Human,1092506085,12,9101561,9101583,GTGGACAAAGCTCTTGCTTGGGG,1,"{0: 1, 1: 0, 2: 0, 3: 4, 4: 146}"
HGNC:7,A2M,ENSG00000175899,ENSE00000897852,228,12,ENST00000318602,12,-1,CAGA,9101518,9101521,GRCh38,79,Human,1092506074,12,9101506,9101528,GTGCCTGGACTGTCTGAGTATGG,1,"{0: 1, 1: 0, 2: 2, 3: 9, 4: 141}"
HGNC:7,A2M,ENSG00000175899,ENSE00000897852,228,12,ENST00000318602,12,-1,CAGA,9101518,9101521,GRCh38,79,Human,1092506075,12,9101509,9101531,CCTGGACTGTCTGAGTATGGCCA,0,"{0: 1, 1: 0, 2: 2, 3: 9, 4: 113}"
HGNC:7,A2M,ENSG00000175899,ENSE00003475180,169,6,ENST00000318602,12,-1,CAGA,9109950,9109953,GRCh38,79,Human,1092506797,12,9109939,9109961,CCTGGAAGGGCTCTGATGAGAGG,1,"{0: 1, 1: 1, 2: 3, 3: 34, 4: 270}"
HGNC:7,A2M,ENSG00000175899,ENSE00003475180,169,6,ENST00000318602,12,-1,CAGA,9109950,9109953,GRCh38,79,Human,1092506798,12,9109940,9109962,CTGGAAGGGCTCTGATGAGAGGG,1,"{0: 1, 1: 0, 2: 3, 3: 28, 4: 289}"
HGNC:7,A2M,ENSG00000175899,ENSE00003475180,169,6,ENST00000318602,12,-1,CAGA,9109950,9109953,GRCh38,79,Human,1092506799,12,9109941,9109963,TGGAAGGGCTCTGATGAGAGGGG,1,"{0: 1, 1: 0, 2: 2, 3: 22, 4: 325}"
HGNC:7,A2M,ENSG00000175899,ENSE00003475180,169,6,ENST00000318602,12,-1,CAGA,9109950,9109953,GRCh38,79,Human,1092506795,12,9109938,9109960,CCCTGGAAGGGCTCTGATGAGAG,0,"{0: 1, 1: 0, 2: 5, 3: 32, 4: 289}"
HGNC:7,A2M,ENSG00000175899,ENSE00003475180,169,6,ENST00000318602,12,-1,CAGA,9109950,9109953,GRCh38,79,Human,1092506796,12,9109939,9109961,CCTGGAAGGGCTCTGATGAGAGG,0,"{0: 1, 1: 0, 2: 3, 3: 40, 4: 279}"
HGNC:7,A2M,ENSG00000175899,ENSE00003475180,169,6,ENST00000318602,12,-1,AAGG,9109927,9109930,GRCh38,79,Human,1092506788,12,9109913,9109935,CTTCTGTACCACCACCTTGTAGG,1,"{0: 1, 1: 0, 2: 1, 3: 12, 4: 118}"
HGNC:7,A2M,ENSG00000175899,ENSE00003475180,169,6,ENST00000318602,12,-1,AAGG,9109927,9109930,GRCh38,79,Human,1092506789,12,9109921,9109943,CCACCACCTTGTAGGAGCCCTGG,0,"{0: 1, 1: 0, 2: 2, 3: 12, 4: 148}"
HGNC:7,A2M,ENSG00000175899,ENSE00003475180,169,6,ENST00000318602,12,-1,AAGG,9109927,9109930,GRCh38,79,Human,1092506791,12,9109924,9109946,CCACCTTGTAGGAGCCCTGGAAG,0,"{0: 1, 1: 0, 2: 0, 3: 7, 4: 162}"
HGNC:7,A2M,ENSG00000175899,ENSE00003475180,169,6,ENST00000318602,12,-1,CAGG,9109939,9109942,GRCh38,79,Human,1092506790,12,9109921,9109943,CCACCACCTTGTAGGAGCCCTGG,1,"{0: 1, 1: 0, 2: 1, 3: 15, 4: 123}"
HGNC:7,A2M,ENSG00000175899,ENSE00003475180,169,6,ENST00000318602,12,-1,CAGG,9109939,9109942,GRCh38,79,Human,1092506792,12,9109925,9109947,CACCTTGTAGGAGCCCTGGAAGG,1,"{0: 1, 1: 0, 2: 1, 3: 14, 4: 145}"
HGNC:7,A2M,ENSG00000175899,ENSE00003475180,169,6,ENST00000318602,12,-1,CAGG,9109939,9109942,GRCh38,79,Human,1092506793,12,9109926,9109948,ACCTTGTAGGAGCCCTGGAAGGG,1,"{0: 1, 1: 0, 2: 0, 3: 13, 4: 145}"
HGNC:7,A2M,ENSG00000175899,ENSE00003475180,169,6,ENST00000318602,12,-1,CAGG,9109939,9109942,GRCh38,79,Human,1092506794,12,9109927,9109949,CCTTGTAGGAGCCCTGGAAGGGC,0,"{0: 1, 1: 2, 2: 6, 3: 13, 4: 179}"
HGNC:7,A2M,ENSG00000175899,ENSE00003475180,169,6,ENST00000318602,12,-1,CAGG,9109939,9109942,GRCh38,79,Human,1092506795,12,9109938,9109960,CCCTGGAAGGGCTCTGATGAGAG,0,"{0: 1, 1: 0, 2: 5, 3: 32, 4: 289}"
HGNC:7,A2M,ENSG00000175899,ENSE00003602989,184,2,ENST00000318602,12,-1,CAGG,9113426,9113429,GRCh38,79,Human,1092507075,12,9113417,9113439,CCTGTTTCCCCTGACAGACTCCA,0,"{0: 1, 1: 0, 2: 2, 3: 17, 4: 251}"
HGNC:7,A2M,ENSG00000175899,ENSE00003602989,184,2,ENST00000318602,12,-1,CAGG,9113426,9113429,GRCh38,79,Human,1092507077,12,9113424,9113446,CCCCTGACAGACTCCAAGGAAGC,0,"{0: 1, 1: 0, 2: 0, 3: 27, 4: 245}"
HGNC:7,A2M,ENSG00000175899,ENSE00003602989,184,2,ENST00000318602,12,-1,CAGG,9113426,9113429,GRCh38,79,Human,1092507078,12,9113425,9113447,CCCTGACAGACTCCAAGGAAGCA,0,"{0: 1, 1: 1, 2: 0, 3: 17, 4: 206}"
