gene_id,marker_symbol,assembly,build,species,ensembl_gene_id,ensembl_exon_id,exon_size,exon_rank,canonical_transcript,exon_start,exon_end,chr_name,chr_strand,ins_start,ins_end,ins_seq,insertion_site,split_exon_L,split_exon_R
HGNC:7,A2M,GRCh38,79,Human,ENSG00000175899,ENSE00003594068,162,16,ENST00000318602,9095539,9095700,12,-1,9095630,9095633,AAGA,9095631,93,69
HGNC:7,A2M,GRCh38,79,Human,ENSG00000175899,ENSE00000718064,160,3,ENST00000318602,9112377,9112536,12,-1,9112437,9112440,AAGA,9112438,62,98
HGNC:7,A2M,GRCh38,79,Human,ENSG00000175899,ENSE00000718064,160,3,ENST00000318602,9112377,9112536,12,-1,9112469,9112472,AAGA,9112470,94,66
HGNC:7,A2M,GRCh38,79,Human,ENSG00000175899,ENSE00000718064,160,3,ENST00000318602,9112377,9112536,12,-1,9112461,9112464,AAGA,9112462,86,74
HGNC:7,A2M,GRCh38,79,Human,ENSG00000175899,ENSE00000897852,228,12,ENST00000318602,9101447,9101674,12,-1,9101509,9101512,CAGG,9101510,64,164
HGNC:7,A2M,GRCh38,79,Human,ENSG00000175899,ENSE00000897852,228,12,ENST00000318602,9101447,9101674,12,-1,9101611,9101614,GAGG,9101612,166,62
HGNC:7,A2M,GRCh38,79,Human,ENSG00000175899,ENSE00000897852,228,12,ENST00000318602,9101447,9101674,12,-1,9101572,9101575,AAGA,9101573,127,101
HGNC:7,A2M,GRCh38,79,Human,ENSG00000175899,ENSE00000897852,228,12,ENST00000318602,9101447,9101674,12,-1,9101518,9101521,CAGA,9101519,73,155
HGNC:7,A2M,GRCh38,79,Human,ENSG00000175899,ENSE00003475180,169,6,ENST00000318602,9109867,9110035,12,-1,9109950,9109953,CAGA,9109951,85,84
HGNC:7,A2M,GRCh38,79,Human,ENSG00000175899,ENSE00003475180,169,6,ENST00000318602,9109867,9110035,12,-1,9109927,9109930,AAGG,9109928,62,107
HGNC:7,A2M,GRCh38,79,Human,ENSG00000175899,ENSE00003475180,169,6,ENST00000318602,9109867,9110035,12,-1,9109939,9109942,CAGG,9109940,74,95
HGNC:7,A2M,GRCh38,79,Human,ENSG00000175899,ENSE00003602989,184,2,ENST00000318602,9113360,9113543,12,-1,9113461,9113464,GAGA,9113462,103,81
HGNC:7,A2M,GRCh38,79,Human,ENSG00000175899,ENSE00003602989,184,2,ENST00000318602,9113360,9113543,12,-1,9113426,9113429,CAGG,9113427,68,116
HGNC:23336,A2ML1,GRCh38,79,Human,ENSG00000166535,ENSE00001373024,195,16,ENST00000299698,8848720,8848914,12,1,8848838,8848841,AAGG,8848841,122,73
