gene_id,marker_symbol,assembly,build,species,ensembl_gene_id,ensembl_exon_id,exon_size,exon_rank,canonical_transcript,exon_start,exon_end,chr_name,chr_strand,ins_start,ins_end,ins_seq,insertion_site,split_exon_L,split_exon_R,LAL_seq,LAL_loc,LAL_gc,LAL_tm,LAR_seq,LAR_loc,LAR_gc,LAR_tm,LA_size,RAL_seq,RAL_loc,RAL_gc,RAL_tm,RAR_seq,RAR_loc,RAR_gc,RAR_tm,RA_size,crispr_id,crispr_start,crispr_end,crispr_seq,pam_right,proximity,off_target_summary,off_target_count
HGNC:7,A2M,GRCh38,79,Human,ENSG00000175899,ENSE00000718064,160,3,ENST00000318602,9112377,9112536,12,-1,9112437,9112440,AAGA,9112438,62,98,TGGTTCTTTTAGTCAGGGTCATAGG,chr12:9113306-9113330,44.000,60.046,CTTAACCATCACTGTGGTCCGC,chr12:9112438-9112459,54.545,61.506,893,AACGAGGACAGTCTGGTCTTTG,chr12:9112416-9112437,50.000,60.224,CAACATGATTTTCCAGTGAAGTGGA,chr12:9111533-9111557,40.000,59.990,905,1092506969,9112432,9112454,CTCGTTCTTAACCATCACTGTGG,1,6,"{0: 1, 1: 0, 2: 1, 3: 11, 4: 137}",150
HGNC:7,A2M,GRCh38,79,Human,ENSG00000175899,ENSE00000718064,160,3,ENST00000318602,9112377,9112536,12,-1,9112437,9112440,AAGA,9112438,62,98,TGGTTCTTTTAGTCAGGGTCATAGG,chr12:9113306-9113330,44.000,60.046,CTTAACCATCACTGTGGTCCGC,chr12:9112438-9112459,54.545,61.506,893,AACGAGGACAGTCTGGTCTTTG,chr12:9112416-9112437,50.000,60.224,CAACATGATTTTCCAGTGAAGTGGA,chr12:9111533-9111557,40.000,59.990,905,1092506967,9112422,9112444,CCAGACTGTCCTCGTTCTTAACC,0,16,"{0: 1, 1: 0, 2: 0, 3: 7, 4: 68}",76
HGNC:7,A2M,GRCh38,79,Human,ENSG00000175899,ENSE00000718064,160,3,ENST00000318602,9112377,9112536,12,-1,9112437,9112440,AAGA,9112438,62,98,TGGTTCTTTTAGTCAGGGTCATAGG,chr12:9113306-9113330,44.000,60.046,CTTAACCATCACTGTGGTCCGC,chr12:9112438-9112459,54.545,61.506,893,AACGAGGACAGTCTGGTCTTTG,chr12:9112416-9112437,50.000,60.224,CAACATGATTTTCCAGTGAAGTGGA,chr12:9111533-9111557,40.000,59.990,905,1092506968,9112431,9112453,CCTCGTTCTTAACCATCACTGTG,0,7,"{0: 1, 1: 0, 2: 0, 3: 14, 4: 107}",122
HGNC:7,A2M,GRCh38,79,Human,ENSG00000175899,ENSE00000718064,160,3,ENST00000318602,9112377,9112536,12,-1,9112461,9112464,AAGA,9112462,86,74,TGGTTCTTTTAGTCAGGGTCATAGG,chr12:9113306-9113330,44.000,60.046,CTTAAATTCTTGGGTTGGTCCTTTC,chr12:9112462-9112486,40.000,58.544,869,AAGCGGACCACAGTGATGGTTAA,chr12:9112439-9112461,47.826,62.387,CAACATGATTTTCCAGTGAAGTGGA,chr12:9111533-9111557,40.000,59.990,929,1092506971,9112452,9112474,TGGTCCGCTTCTTAAATTCTTGG,1,10,"{0: 1, 1: 0, 2: 0, 3: 7, 4: 79}",87
HGNC:7,A2M,GRCh38,79,Human,ENSG00000175899,ENSE00000718064,160,3,ENST00000318602,9112377,9112536,12,-1,9112461,9112464,AAGA,9112462,86,74,TGGTTCTTTTAGTCAGGGTCATAGG,chr12:9113306-9113330,44.000,60.046,CTTAAATTCTTGGGTTGGTCCTTTC,chr12:9112462-9112486,40.000,58.544,869,AAGCGGACCACAGTGATGGTTAA,chr12:9112439-9112461,47.826,62.387,CAACATGATTTTCCAGTGAAGTGGA,chr12:9111533-9111557,40.000,59.990,929,1092506972,9112453,9112475,GGTCCGCTTCTTAAATTCTTGGG,1,9,"{0: 1, 1: 0, 2: 0, 3: 2, 4: 70}",73
HGNC:7,A2M,GRCh38,79,Human,ENSG00000175899,ENSE00000718064,160,3,ENST00000318602,9112377,9112536,12,-1,9112461,9112464,AAGA,9112462,86,74,TGGTTCTTTTAGTCAGGGTCATAGG,chr12:9113306-9113330,44.000,60.046,CTTAAATTCTTGGGTTGGTCCTTTC,chr12:9112462-9112486,40.000,58.544,869,AAGCGGACCACAGTGATGGTTAA,chr12:9112439-9112461,47.826,62.387,CAACATGATTTTCCAGTGAAGTGGA,chr12:9111533-9111557,40.000,59.990,929,1092506974,9112457,9112479,CGCTTCTTAAATTCTTGGGTTGG,1,5,"{0: 1, 1: 0, 2: 0, 3: 5, 4: 79}",85
HGNC:7,A2M,GRCh38,79,Human,ENSG00000175899,ENSE00000718064,160,3,ENST00000318602,9112377,9112536,12,-1,9112461,9112464,AAGA,9112462,86,74,TGGTTCTTTTAGTCAGGGTCATAGG,chr12:9113306-9113330,44.000,60.046,CTTAAATTCTTGGGTTGGTCCTTTC,chr12:9112462-9112486,40.000,58.544,869,AAGCGGACCACAGTGATGGTTAA,chr12:9112439-9112461,47.826,62.387,CAACATGATTTTCCAGTGAAGTGGA,chr12:9111533-9111557,40.000,59.990,929,1092506973,9112456,9112478,CCGCTTCTTAAATTCTTGGGTTG,0,6,"{0: 1, 1: 0, 2: 1, 3: 22, 4: 222}",246
HGNC:7,A2M,GRCh38,79,Human,ENSG00000175899,ENSE00000718064,160,3,ENST00000318602,9112377,9112536,12,-1,9112469,9112472,AAGA,9112470,94,66,TGGTTCTTTTAGTCAGGGTCATAGG,chr12:9113306-9113330,44.000,60.046,CTTGGGTTGGTCCTTTCACTTG,chr12:9112470-9112491,50.000,59.638,861,AATTTAAGAAGCGGACCACAGTGAT,chr12:9112445-9112469,40.000,61.035,CAACATGATTTTCCAGTGAAGTGGA,chr12:9111533-9111557,40.000,59.990,937,1092506971,9112452,9112474,TGGTCCGCTTCTTAAATTCTTGG,1,18,"{0: 1, 1: 0, 2: 0, 3: 7, 4: 79}",87
HGNC:7,A2M,GRCh38,79,Human,ENSG00000175899,ENSE00000718064,160,3,ENST00000318602,9112377,9112536,12,-1,9112469,9112472,AAGA,9112470,94,66,TGGTTCTTTTAGTCAGGGTCATAGG,chr12:9113306-9113330,44.000,60.046,CTTGGGTTGGTCCTTTCACTTG,chr12:9112470-9112491,50.000,59.638,861,AATTTAAGAAGCGGACCACAGTGAT,chr12:9112445-9112469,40.000,61.035,CAACATGATTTTCCAGTGAAGTGGA,chr12:9111533-9111557,40.000,59.990,937,1092506972,9112453,9112475,GGTCCGCTTCTTAAATTCTTGGG,1,17,"{0: 1, 1: 0, 2: 0, 3: 2, 4: 70}",73
HGNC:7,A2M,GRCh38,79,Human,ENSG00000175899,ENSE00000718064,160,3,ENST00000318602,9112377,9112536,12,-1,9112469,9112472,AAGA,9112470,94,66,TGGTTCTTTTAGTCAGGGTCATAGG,chr12:9113306-9113330,44.000,60.046,CTTGGGTTGGTCCTTTCACTTG,chr12:9112470-9112491,50.000,59.638,861,AATTTAAGAAGCGGACCACAGTGAT,chr12:9112445-9112469,40.000,61.035,CAACATGATTTTCCAGTGAAGTGGA,chr12:9111533-9111557,40.000,59.990,937,1092506974,9112457,9112479,CGCTTCTTAAATTCTTGGGTTGG,1,13,"{0: 1, 1: 0, 2: 0, 3: 5, 4: 79}",85
HGNC:7,A2M,GRCh38,79,Human,ENSG00000175899,ENSE00000718064,160,3,ENST00000318602,9112377,9112536,12,-1,9112469,9112472,AAGA,9112470,94,66,TGGTTCTTTTAGTCAGGGTCATAGG,chr12:9113306-9113330,44.000,60.046,CTTGGGTTGGTCCTTTCACTTG,chr12:9112470-9112491,50.000,59.638,861,AATTTAAGAAGCGGACCACAGTGAT,chr12:9112445-9112469,40.000,61.035,CAACATGATTTTCCAGTGAAGTGGA,chr12:9111533-9111557,40.000,59.990,937,1092506973,9112456,9112478,CCGCTTCTTAAATTCTTGGGTTG,0,14,"{0: 1, 1: 0, 2: 1, 3: 22, 4: 222}",246
HGNC:7,A2M,GRCh38,79,Human,ENSG00000175899,ENSE00000897852,228,12,ENST00000318602,9101447,9101674,12,-1,9101509,9101512,CAGG,9101510,64,164,CAGGGAGCATTAAAAATAGTCAGCC,chr12:9102518-9102542,44.000,60.221,CTGGACTGTCTGAGTATGGCC,chr12:9101510-9101530,57.143,59.862,1033,GCACATTATATTCTGAATGGAGGCA,chr12:9101485-9101509,40.000,59.525,ATGGAAATGGTCTCTCGTTACTTGA,chr12:9100704-9100728,40.000,60.047,806,1092506073,9101491,9101513,CATTCAGAATATAATGTGCCTGG,1,19,"{0: 1, 1: 0, 2: 2, 3: 19, 4: 158}",180
HGNC:7,A2M,GRCh38,79,Human,ENSG00000175899,ENSE00000897852,228,12,ENST00000318602,9101447,9101674,12,-1,9101509,9101512,CAGG,9101510,64,164,CAGGGAGCATTAAAAATAGTCAGCC,chr12:9102518-9102542,44.000,60.221,CTGGACTGTCTGAGTATGGCC,chr12:9101510-9101530,57.143,59.862,1033,GCACATTATATTCTGAATGGAGGCA,chr12:9101485-9101509,40.000,59.525,ATGGAAATGGTCTCTCGTTACTTGA,chr12:9100704-9100728,40.000,60.047,806,1092506075,9101509,9101531,CCTGGACTGTCTGAGTATGGCCA,0,1,"{0: 1, 1: 0, 2: 2, 3: 9, 4: 113}",125
HGNC:7,A2M,GRCh38,79,Human,ENSG00000175899,ENSE00000897852,228,12,ENST00000318602,9101447,9101674,12,-1,9101518,9101521,CAGA,9101519,73,155,CAGGGAGCATTAAAAATAGTCAGCC,chr12:9102518-9102542,44.000,60.221,CTGAGTATGGCCACAGGGTAGTTC,chr12:9101519-9101542,54.167,62.484,1024,ACAGTCCAGGCACATTATATTCTGA,chr12:9101494-9101518,40.000,59.869,ATGGAAATGGTCTCTCGTTACTTGA,chr12:9100704-9100728,40.000,60.047,815,1092506074,9101506,9101528,GTGCCTGGACTGTCTGAGTATGG,1,13,"{0: 1, 1: 0, 2: 2, 3: 9, 4: 141}",153
HGNC:7,A2M,GRCh38,79,Human,ENSG00000175899,ENSE00000897852,228,12,ENST00000318602,9101447,9101674,12,-1,9101518,9101521,CAGA,9101519,73,155,CAGGGAGCATTAAAAATAGTCAGCC,chr12:9102518-9102542,44.000,60.221,CTGAGTATGGCCACAGGGTAGTTC,chr12:9101519-9101542,54.167,62.484,1024,ACAGTCCAGGCACATTATATTCTGA,chr12:9101494-9101518,40.000,59.869,ATGGAAATGGTCTCTCGTTACTTGA,chr12:9100704-9100728,40.000,60.047,815,1092506076,9101513,9101535,GACTGTCTGAGTATGGCCACAGG,1,6,"{0: 1, 1: 0, 2: 0, 3: 6, 4: 82}",89
HGNC:7,A2M,GRCh38,79,Human,ENSG00000175899,ENSE00000897852,228,12,ENST00000318602,9101447,9101674,12,-1,9101518,9101521,CAGA,9101519,73,155,CAGGGAGCATTAAAAATAGTCAGCC,chr12:9102518-9102542,44.000,60.221,CTGAGTATGGCCACAGGGTAGTTC,chr12:9101519-9101542,54.167,62.484,1024,ACAGTCCAGGCACATTATATTCTGA,chr12:9101494-9101518,40.000,59.869,ATGGAAATGGTCTCTCGTTACTTGA,chr12:9100704-9100728,40.000,60.047,815,1092506077,9101514,9101536,ACTGTCTGAGTATGGCCACAGGG,1,5,"{0: 1, 1: 0, 2: 1, 3: 10, 4: 111}",123
HGNC:7,A2M,GRCh38,79,Human,ENSG00000175899,ENSE00000897852,228,12,ENST00000318602,9101447,9101674,12,-1,9101518,9101521,CAGA,9101519,73,155,CAGGGAGCATTAAAAATAGTCAGCC,chr12:9102518-9102542,44.000,60.221,CTGAGTATGGCCACAGGGTAGTTC,chr12:9101519-9101542,54.167,62.484,1024,ACAGTCCAGGCACATTATATTCTGA,chr12:9101494-9101518,40.000,59.869,ATGGAAATGGTCTCTCGTTACTTGA,chr12:9100704-9100728,40.000,60.047,815,1092506075,9101509,9101531,CCTGGACTGTCTGAGTATGGCCA,0,10,"{0: 1, 1: 0, 2: 2, 3: 9, 4: 113}",125
HGNC:7,A2M,GRCh38,79,Human,ENSG00000175899,ENSE00000897852,228,12,ENST00000318602,9101447,9101674,12,-1,9101572,9101575,AAGA,9101573,127,101,AAGCCTGAAAGGAGCTAAGGAATAA,chr12:9102610-9102634,40.000,60.045,CTTGCTTGGGGAGAACACAAGATAA,chr12:9101573-9101597,44.000,61.267,1062,AGCTTTGTCCACCTTGAGCC,chr12:9101553-9101572,55.000,60.538,CTCAGGAATGGAAAACCAAACATCA,chr12:9100750-9100774,40.000,59.989,823,1092506083,9101559,9101581,AGGTGGACAAAGCTCTTGCTTGG,1,14,"{0: 1, 1: 0, 2: 0, 3: 6, 4: 152}",159
HGNC:7,A2M,GRCh38,79,Human,ENSG00000175899,ENSE00000897852,228,12,ENST00000318602,9101447,9101674,12,-1,9101572,9101575,AAGA,9101573,127,101,AAGCCTGAAAGGAGCTAAGGAATAA,chr12:9102610-9102634,40.000,60.045,CTTGCTTGGGGAGAACACAAGATAA,chr12:9101573-9101597,44.000,61.267,1062,AGCTTTGTCCACCTTGAGCC,chr12:9101553-9101572,55.000,60.538,CTCAGGAATGGAAAACCAAACATCA,chr12:9100750-9100774,40.000,59.989,823,1092506084,9101560,9101582,GGTGGACAAAGCTCTTGCTTGGG,1,13,"{0: 1, 1: 0, 2: 1, 3: 17, 4: 136}",155
HGNC:7,A2M,GRCh38,79,Human,ENSG00000175899,ENSE00000897852,228,12,ENST00000318602,9101447,9101674,12,-1,9101572,9101575,AAGA,9101573,127,101,AAGCCTGAAAGGAGCTAAGGAATAA,chr12:9102610-9102634,40.000,60.045,CTTGCTTGGGGAGAACACAAGATAA,chr12:9101573-9101597,44.000,61.267,1062,AGCTTTGTCCACCTTGAGCC,chr12:9101553-9101572,55.000,60.538,CTCAGGAATGGAAAACCAAACATCA,chr12:9100750-9100774,40.000,59.989,823,1092506085,9101561,9101583,GTGGACAAAGCTCTTGCTTGGGG,1,12,"{0: 1, 1: 0, 2: 0, 3: 4, 4: 146}",151
HGNC:7,A2M,GRCh38,79,Human,ENSG00000175899,ENSE00000897852,228,12,ENST00000318602,9101447,9101674,12,-1,9101611,9101614,GAGG,9101612,166,62,AAGCCTGAAAGGAGCTAAGGAATAA,chr12:9102610-9102634,40.000,60.045,CTCTTCGTGTTCTTCTGACACCC,chr12:9101612-9101634,52.174,61.103,1023,GCACATCACACTGCTTATCTTGTG,chr12:9101588-9101611,45.833,60.671,CTCAGGAATGGAAAACCAAACATCA,chr12:9100750-9100774,40.000,59.989,862,1092506086,9101611,9101633,CCTCTTCGTGTTCTTCTGACACC,0,1,"{0: 1, 1: 0, 2: 1, 3: 2, 4: 181}",185
HGNC:7,A2M,GRCh38,79,Human,ENSG00000175899,ENSE00003475180,169,6,ENST00000318602,9109867,9110035,12,-1,9109927,9109930,AAGG,9109928,62,107,TGCATAGCAAAGGATTGATCTTCAC,chr12:9110940-9110964,40.000,59.933,CTTGTAGGAGCCCTGGAAGG,chr12:9109928-9109947,60.000,59.456,1037,GTGGTGGTACAGAAGAAATCAGGT,chr12:9109904-9109927,45.833,60.505,AACCAATACCCTTCAACACTATCCA,chr12:9108998-9109022,40.000,59.985,930,1092506788,9109913,9109935,CTTCTGTACCACCACCTTGTAGG,1,15,"{0: 1, 1: 0, 2: 1, 3: 12, 4: 118}",132
HGNC:7,A2M,GRCh38,79,Human,ENSG00000175899,ENSE00003475180,169,6,ENST00000318602,9109867,9110035,12,-1,9109927,9109930,AAGG,9109928,62,107,TGCATAGCAAAGGATTGATCTTCAC,chr12:9110940-9110964,40.000,59.933,CTTGTAGGAGCCCTGGAAGG,chr12:9109928-9109947,60.000,59.456,1037,GTGGTGGTACAGAAGAAATCAGGT,chr12:9109904-9109927,45.833,60.505,AACCAATACCCTTCAACACTATCCA,chr12:9108998-9109022,40.000,59.985,930,1092506790,9109921,9109943,CCACCACCTTGTAGGAGCCCTGG,1,7,"{0: 1, 1: 0, 2: 1, 3: 15, 4: 123}",140
HGNC:7,A2M,GRCh38,79,Human,ENSG00000175899,ENSE00003475180,169,6,ENST00000318602,9109867,9110035,12,-1,9109927,9109930,AAGG,9109928,62,107,TGCATAGCAAAGGATTGATCTTCAC,chr12:9110940-9110964,40.000,59.933,CTTGTAGGAGCCCTGGAAGG,chr12:9109928-9109947,60.000,59.456,1037,GTGGTGGTACAGAAGAAATCAGGT,chr12:9109904-9109927,45.833,60.505,AACCAATACCCTTCAACACTATCCA,chr12:9108998-9109022,40.000,59.985,930,1092506789,9109921,9109943,CCACCACCTTGTAGGAGCCCTGG,0,7,"{0: 1, 1: 0, 2: 2, 3: 12, 4: 148}",163
HGNC:7,A2M,GRCh38,79,Human,ENSG00000175899,ENSE00003475180,169,6,ENST00000318602,9109867,9110035,12,-1,9109927,9109930,AAGG,9109928,62,107,TGCATAGCAAAGGATTGATCTTCAC,chr12:9110940-9110964,40.000,59.933,CTTGTAGGAGCCCTGGAAGG,chr12:9109928-9109947,60.000,59.456,1037,GTGGTGGTACAGAAGAAATCAGGT,chr12:9109904-9109927,45.833,60.505,AACCAATACCCTTCAACACTATCCA,chr12:9108998-9109022,40.000,59.985,930,1092506791,9109924,9109946,CCACCTTGTAGGAGCCCTGGAAG,0,4,"{0: 1, 1: 0, 2: 0, 3: 7, 4: 162}",170
HGNC:7,A2M,GRCh38,79,Human,ENSG00000175899,ENSE00003475180,169,6,ENST00000318602,9109867,9110035,12,-1,9109927,9109930,AAGG,9109928,62,107,TGCATAGCAAAGGATTGATCTTCAC,chr12:9110940-9110964,40.000,59.933,CTTGTAGGAGCCCTGGAAGG,chr12:9109928-9109947,60.000,59.456,1037,GTGGTGGTACAGAAGAAATCAGGT,chr12:9109904-9109927,45.833,60.505,AACCAATACCCTTCAACACTATCCA,chr12:9108998-9109022,40.000,59.985,930,1092506794,9109927,9109949,CCTTGTAGGAGCCCTGGAAGGGC,0,1,"{0: 1, 1: 2, 2: 6, 3: 13, 4: 179}",201
HGNC:7,A2M,GRCh38,79,Human,ENSG00000175899,ENSE00003475180,169,6,ENST00000318602,9109867,9110035,12,-1,9109939,9109942,CAGG,9109940,74,95,TGCATAGCAAAGGATTGATCTTCAC,chr12:9110940-9110964,40.000,59.933,CTGGAAGGGCTCTGATGAGAGG,chr12:9109940-9109961,59.091,61.867,1025,GGCTCCTACAAGGTGGTGGTA,chr12:9109919-9109939,57.143,61.176,AACCAATACCCTTCAACACTATCCA,chr12:9108998-9109022,40.000,59.985,942,1092506790,9109921,9109943,CCACCACCTTGTAGGAGCCCTGG,1,19,"{0: 1, 1: 0, 2: 1, 3: 15, 4: 123}",140
HGNC:7,A2M,GRCh38,79,Human,ENSG00000175899,ENSE00003475180,169,6,ENST00000318602,9109867,9110035,12,-1,9109939,9109942,CAGG,9109940,74,95,TGCATAGCAAAGGATTGATCTTCAC,chr12:9110940-9110964,40.000,59.933,CTGGAAGGGCTCTGATGAGAGG,chr12:9109940-9109961,59.091,61.867,1025,GGCTCCTACAAGGTGGTGGTA,chr12:9109919-9109939,57.143,61.176,AACCAATACCCTTCAACACTATCCA,chr12:9108998-9109022,40.000,59.985,942,1092506792,9109925,9109947,CACCTTGTAGGAGCCCTGGAAGG,1,15,"{0: 1, 1: 0, 2: 1, 3: 14, 4: 145}",161
HGNC:7,A2M,GRCh38,79,Human,ENSG00000175899,ENSE00003475180,169,6,ENST00000318602,9109867,9110035,12,-1,9109939,9109942,CAGG,9109940,74,95,TGCATAGCAAAGGATTGATCTTCAC,chr12:9110940-9110964,40.000,59.933,CTGGAAGGGCTCTGATGAGAGG,chr12:9109940-9109961,59.091,61.867,1025,GGCTCCTACAAGGTGGTGGTA,chr12:9109919-9109939,57.143,61.176,AACCAATACCCTTCAACACTATCCA,chr12:9108998-9109022,40.000,59.985,942,1092506793,9109926,9109948,ACCTTGTAGGAGCCCTGGAAGGG,1,14,"{0: 1, 1: 0, 2: 0, 3: 13, 4: 145}",159
HGNC:7,A2M,GRCh38,79,Human,ENSG00000175899,ENSE00003475180,169,6,ENST00000318602,9109867,9110035,12,-1,9109939,9109942,CAGG,9109940,74,95,TGCATAGCAAAGGATTGATCTTCAC,chr12:9110940-9110964,40.000,59.933,CTGGAAGGGCTCTGATGAGAGG,chr12:9109940-9109961,59.091,61.867,1025,GGCTCCTACAAGGTGGTGGTA,chr12:9109919-9109939,57.143,61.176,AACCAATACCCTTCAACACTATCCA,chr12:9108998-9109022,40.000,59.985,942,1092506791,9109924,9109946,CCACCTTGTAGGAGCCCTGGAAG,0,16,"{0: 1, 1: 0, 2: 0, 3: 7, 4: 162}",170
HGNC:7,A2M,GRCh38,79,Human,ENSG00000175899,ENSE00003475180,169,6,ENST00000318602,9109867,9110035,12,-1,9109939,9109942,CAGG,9109940,74,95,TGCATAGCAAAGGATTGATCTTCAC,chr12:9110940-9110964,40.000,59.933,CTGGAAGGGCTCTGATGAGAGG,chr12:9109940-9109961,59.091,61.867,1025,GGCTCCTACAAGGTGGTGGTA,chr12:9109919-9109939,57.143,61.176,AACCAATACCCTTCAACACTATCCA,chr12:9108998-9109022,40.000,59.985,942,1092506794,9109927,9109949,CCTTGTAGGAGCCCTGGAAGGGC,0,13,"{0: 1, 1: 2, 2: 6, 3: 13, 4: 179}",201
HGNC:7,A2M,GRCh38,79,Human,ENSG00000175899,ENSE00003475180,169,6,ENST00000318602,9109867,9110035,12,-1,9109939,9109942,CAGG,9109940,74,95,TGCATAGCAAAGGATTGATCTTCAC,chr12:9110940-9110964,40.000,59.933,CTGGAAGGGCTCTGATGAGAGG,chr12:9109940-9109961,59.091,61.867,1025,GGCTCCTACAAGGTGGTGGTA,chr12:9109919-9109939,57.143,61.176,AACCAATACCCTTCAACACTATCCA,chr12:9108998-9109022,40.000,59.985,942,1092506795,9109938,9109960,CCCTGGAAGGGCTCTGATGAGAG,0,2,"{0: 1, 1: 0, 2: 5, 3: 32, 4: 289}",327
HGNC:7,A2M,GRCh38,79,Human,ENSG00000175899,ENSE00003475180,169,6,ENST00000318602,9109867,9110035,12,-1,9109939,9109942,CAGG,9109940,74,95,TGCATAGCAAAGGATTGATCTTCAC,chr12:9110940-9110964,40.000,59.933,CTGGAAGGGCTCTGATGAGAGG,chr12:9109940-9109961,59.091,61.867,1025,GGCTCCTACAAGGTGGTGGTA,chr12:9109919-9109939,57.143,61.176,AACCAATACCCTTCAACACTATCCA,chr12:9108998-9109022,40.000,59.985,942,1092506796,9109939,9109961,CCTGGAAGGGCTCTGATGAGAGG,0,1,"{0: 1, 1: 0, 2: 3, 3: 40, 4: 279}",323
HGNC:7,A2M,GRCh38,79,Human,ENSG00000175899,ENSE00003602989,184,2,ENST00000318602,9113360,9113543,12,-1,9113426,9113429,CAGG,9113427,68,116,GTTTCTGTACTGCACATGAGTTACC,chr12:9114225-9114249,44.000,60.107,CTGACAGACTCCAAGGAAGCACTTA,chr12:9113427-9113451,48.000,62.248,823,GGGAAACAGGAGCCTCTTCAC,chr12:9113406-9113426,57.143,60.612,TTCCTTTTTGAAGTTGTCCTGTCTG,chr12:9112337-9112361,40.000,59.875,1090,1092507076,9113420,9113442,GTTTCCCCTGACAGACTCCAAGG,1,7,"{0: 1, 1: 0, 2: 1, 3: 14, 4: 144}",160
HGNC:7,A2M,GRCh38,79,Human,ENSG00000175899,ENSE00003602989,184,2,ENST00000318602,9113360,9113543,12,-1,9113426,9113429,CAGG,9113427,68,116,GTTTCTGTACTGCACATGAGTTACC,chr12:9114225-9114249,44.000,60.107,CTGACAGACTCCAAGGAAGCACTTA,chr12:9113427-9113451,48.000,62.248,823,GGGAAACAGGAGCCTCTTCAC,chr12:9113406-9113426,57.143,60.612,TTCCTTTTTGAAGTTGTCCTGTCTG,chr12:9112337-9112361,40.000,59.875,1090,1092507075,9113417,9113439,CCTGTTTCCCCTGACAGACTCCA,0,10,"{0: 1, 1: 0, 2: 2, 3: 17, 4: 251}",271
HGNC:7,A2M,GRCh38,79,Human,ENSG00000175899,ENSE00003602989,184,2,ENST00000318602,9113360,9113543,12,-1,9113426,9113429,CAGG,9113427,68,116,GTTTCTGTACTGCACATGAGTTACC,chr12:9114225-9114249,44.000,60.107,CTGACAGACTCCAAGGAAGCACTTA,chr12:9113427-9113451,48.000,62.248,823,GGGAAACAGGAGCCTCTTCAC,chr12:9113406-9113426,57.143,60.612,TTCCTTTTTGAAGTTGTCCTGTCTG,chr12:9112337-9112361,40.000,59.875,1090,1092507077,9113424,9113446,CCCCTGACAGACTCCAAGGAAGC,0,3,"{0: 1, 1: 0, 2: 0, 3: 27, 4: 245}",273
HGNC:7,A2M,GRCh38,79,Human,ENSG00000175899,ENSE00003602989,184,2,ENST00000318602,9113360,9113543,12,-1,9113426,9113429,CAGG,9113427,68,116,GTTTCTGTACTGCACATGAGTTACC,chr12:9114225-9114249,44.000,60.107,CTGACAGACTCCAAGGAAGCACTTA,chr12:9113427-9113451,48.000,62.248,823,GGGAAACAGGAGCCTCTTCAC,chr12:9113406-9113426,57.143,60.612,TTCCTTTTTGAAGTTGTCCTGTCTG,chr12:9112337-9112361,40.000,59.875,1090,1092507078,9113425,9113447,CCCTGACAGACTCCAAGGAAGCA,0,2,"{0: 1, 1: 1, 2: 0, 3: 17, 4: 206}",225
HGNC:7,A2M,GRCh38,79,Human,ENSG00000175899,ENSE00003602989,184,2,ENST00000318602,9113360,9113543,12,-1,9113426,9113429,CAGG,9113427,68,116,GTTTCTGTACTGCACATGAGTTACC,chr12:9114225-9114249,44.000,60.107,CTGACAGACTCCAAGGAAGCACTTA,chr12:9113427-9113451,48.000,62.248,823,GGGAAACAGGAGCCTCTTCAC,chr12:9113406-9113426,57.143,60.612,TTCCTTTTTGAAGTTGTCCTGTCTG,chr12:9112337-9112361,40.000,59.875,1090,1092507079,9113426,9113448,CCTGACAGACTCCAAGGAAGCAC,0,1,"{0: 1, 1: 1, 2: 0, 3: 9, 4: 132}",143
HGNC:23336,A2ML1,GRCh38,79,Human,ENSG00000166535,ENSE00001748587,168,11,ENST00000299698,8841369,8841536,12,1,8841453,8841456,CAGA,8841456,88,80,TGTACAGCTGGTCCACACAATAATA,chr12:8840466-8840490,40.000,60.046,CTGGTTGAAGGTTCCATTTGTGC,chr12:8841433-8841455,47.826,60.800,990,ACCCTGGTTACTGATAACAATGGC,chr12:8841456-8841479,45.833,60.871,CACAGTGAAACCCCATCTCTACTAA,chr12:8842399-8842423,44.000,60.047,968,1092478769,8841440,8841462,TGGAACCTTCAACCAGACCCTGG,1,16,"{0: 1, 1: 0, 2: 0, 3: 16, 4: 124}",141
HGNC:23336,A2ML1,GRCh38,79,Human,ENSG00000166535,ENSE00001748587,168,11,ENST00000299698,8841369,8841536,12,1,8841453,8841456,CAGA,8841456,88,80,TGTACAGCTGGTCCACACAATAATA,chr12:8840466-8840490,40.000,60.046,CTGGTTGAAGGTTCCATTTGTGC,chr12:8841433-8841455,47.826,60.800,990,ACCCTGGTTACTGATAACAATGGC,chr12:8841456-8841479,45.833,60.871,CACAGTGAAACCCCATCTCTACTAA,chr12:8842399-8842423,44.000,60.047,968,1092478770,8841445,8841467,CCTTCAACCAGACCCTGGTTACT,0,11,"{0: 1, 1: 0, 2: 0, 3: 17, 4: 235}",253
HGNC:23336,A2ML1,GRCh38,79,Human,ENSG00000166535,ENSE00001748587,168,11,ENST00000299698,8841369,8841536,12,1,8841453,8841456,CAGA,8841456,88,80,TGTACAGCTGGTCCACACAATAATA,chr12:8840466-8840490,40.000,60.046,CTGGTTGAAGGTTCCATTTGTGC,chr12:8841433-8841455,47.826,60.800,990,ACCCTGGTTACTGATAACAATGGC,chr12:8841456-8841479,45.833,60.871,CACAGTGAAACCCCATCTCTACTAA,chr12:8842399-8842423,44.000,60.047,968,1092478771,8841452,8841474,CCAGACCCTGGTTACTGATAACA,0,4,"{0: 1, 1: 0, 2: 2, 3: 8, 4: 114}",125
HGNC:23336,A2ML1,GRCh38,79,Human,ENSG00000166535,ENSE00001758815,184,2,ENST00000299698,8823182,8823365,12,1,8823288,8823291,GAGA,8823291,110,74,GATGTTCCAGGCAGAAACAACTTTA,chr12:8822421-8822445,40.000,59.990,CTCCAGAGTAACCGTGAATTTAACA,chr12:8823266-8823290,40.000,59.070,870,ACCAAGGACAAGACCCAGAAGTT,chr12:8823291-8823313,47.826,61.722,CACCAGCTATGTACCCACAAAAATT,chr12:8824353-8824377,40.000,60.047,1087,1092476492,8823275,8823297,CACGGTTACTCTGGAGACCAAGG,1,16,"{0: 1, 1: 0, 2: 1, 3: 28, 4: 427}",457
HGNC:23336,A2ML1,GRCh38,79,Human,ENSG00000166535,ENSE00001758815,184,2,ENST00000299698,8823182,8823365,12,1,8823294,8823297,AAGG,8823297,116,68,GATGTTCCAGGCAGAAACAACTTTA,chr12:8822421-8822445,40.000,59.990,CTTGGTCTCCAGAGTAACCGTGAAT,chr12:8823272-8823296,48.000,62.303,876,GACAAGACCCAGAAGTTGCTAGAAT,chr12:8823297-8823321,44.000,60.802,CACCAGCTATGTACCCACAAAAATT,chr12:8824353-8824377,40.000,60.047,1081,1092476492,8823275,8823297,CACGGTTACTCTGGAGACCAAGG,1,22,"{0: 1, 1: 0, 2: 1, 3: 28, 4: 427}",457
HGNC:23336,A2ML1,GRCh38,79,Human,ENSG00000166535,ENSE00001758815,184,2,ENST00000299698,8823182,8823365,12,1,8823294,8823297,AAGG,8823297,116,68,GATGTTCCAGGCAGAAACAACTTTA,chr12:8822421-8822445,40.000,59.990,CTTGGTCTCCAGAGTAACCGTGAAT,chr12:8823272-8823296,48.000,62.303,876,GACAAGACCCAGAAGTTGCTAGAAT,chr12:8823297-8823321,44.000,60.802,CACCAGCTATGTACCCACAAAAATT,chr12:8824353-8824377,40.000,60.047,1081,1092476493,8823292,8823314,CCAAGGACAAGACCCAGAAGTTG,0,5,"{0: 1, 1: 0, 2: 3, 3: 16, 4: 205}",225
HGNC:23336,A2ML1,GRCh38,79,Human,ENSG00000166535,ENSE00001758815,184,2,ENST00000299698,8823182,8823365,12,1,8823300,8823303,AAGA,8823303,122,62,GATGTTCCAGGCAGAAACAACTTTA,chr12:8822421-8822445,40.000,59.990,CTTGTCCTTGGTCTCCAGAGTAAC,chr12:8823279-8823302,50.000,60.562,882,ACCCAGAAGTTGCTAGAATACTCTG,chr12:8823303-8823327,44.000,60.105,CACCAGCTATGTACCCACAAAAATT,chr12:8824353-8824377,40.000,60.047,1075,1092476493,8823292,8823314,CCAAGGACAAGACCCAGAAGTTG,0,11,"{0: 1, 1: 0, 2: 3, 3: 16, 4: 205}",225
HGNC:23336,A2ML1,GRCh38,79,Human,ENSG00000166535,ENSE00003532089,163,3,ENST00000299698,8823720,8823882,12,1,8823801,8823804,AAGA,8823804,85,78,TGGGGAGATCAACTTTGGTTTATCT,chr12:8822791-8822815,40.000,59.985,CTTCTCCTCAAAGCTGATGTTATTTCC,chr12:8823777-8823803,40.741,60.415,1013,AAAAAGGTTCTAATTCAGAGGCAGG,chr12:8823804-8823828,40.000,59.522,GAACAGAATGATGGTTACCAGATGC,chr12:8824676-8824700,44.000,60.221,897,1092476569,8823788,8823810,CAGCTTTGAGGAGAAGAAAAAGG,1,16,"{0: 1, 1: 0, 2: 4, 3: 54, 4: 571}",630
HGNC:23336,A2ML1,GRCh38,79,Human,ENSG00000166535,ENSE00003532089,163,3,ENST00000299698,8823720,8823882,12,1,8823807,8823810,AAGG,8823810,91,72,TGGGGAGATCAACTTTGGTTTATCT,chr12:8822791-8822815,40.000,59.985,CTTTTTCTTCTCCTCAAAGCTGATG,chr12:8823785-8823809,40.000,58.620,1019,GTTCTAATTCAGAGGCAGGGGAA,chr12:8823810-8823832,47.826,60.054,GAACAGAATGATGGTTACCAGATGC,chr12:8824676-8824700,44.000,60.221,891,1092476569,8823788,8823810,CAGCTTTGAGGAGAAGAAAAAGG,1,22,"{0: 1, 1: 0, 2: 4, 3: 54, 4: 571}",630
HGNC:23336,A2ML1,GRCh38,79,Human,ENSG00000166535,ENSE00003532089,163,3,ENST00000299698,8823720,8823882,12,1,8823807,8823810,AAGG,8823810,91,72,TGGGGAGATCAACTTTGGTTTATCT,chr12:8822791-8822815,40.000,59.985,CTTTTTCTTCTCCTCAAAGCTGATG,chr12:8823785-8823809,40.000,58.620,1019,GTTCTAATTCAGAGGCAGGGGAA,chr12:8823810-8823832,47.826,60.054,GAACAGAATGATGGTTACCAGATGC,chr12:8824676-8824700,44.000,60.221,891,1092476570,8823802,8823824,AGAAAAAGGTTCTAATTCAGAGG,1,8,"{0: 1, 1: 0, 2: 2, 3: 31, 4: 304}",338
